{
    "Stochastic_Gradient_Descent_Imbalanced": {
        "validation": {
            "accuracy": 0.6479305784057551,
            "precision_macro": 0.09256151120082215,
            "recall_macro": 0.14285714285714285,
            "f1_macro": 0.11233666322323872,
            "precision_micro": null,
            "recall_micro": null,
            "f1_micro": null
        },
        "test": {
            "accuracy": 0.6489233214964076,
            "precision_macro": 0.09270333164234394,
            "recall_macro": 0.14285714285714285,
            "f1_macro": 0.1124410461466639,
            "precision_micro": null,
            "recall_micro": null,
            "f1_micro": null
        }
    }
}